{"cameraMode":{"drawMode":0,"name":"Shaded","section":"Shading Mode"},"sceneLighting":true,"audioPlay":false,"sceneViewState":{"m_AlwaysRefresh":false,"showFog":true,"showSkybox":true,"showFlares":true,"showImageEffects":true,"showParticleSystems":true,"showVisualEffectGraphs":true,"m_FxEnabled":true},"in2DMode":false,"pivot":{"x":0.15837383270263673,"y":0.6001443862915039,"z":0.26140308380126955},"rotation":{"x":-0.20069590210914613,"y":0.3959434926509857,"z":-0.08912097662687302,"w":-0.8916336894035339},"size":7.173434257507324,"orthographic":true}